{
  "FilterHeaders": [
    {
      "Header": "user-agent",
      "IncludeInScript": false
    },
    {
      "Header": "upgrade-insecure-requests",
      "IncludeInScript": false
    },
    {
      "Header": "sec-gpc",
      "IncludeInScript": false
    },
    {
      "Header": "sec-fetch-user",
      "IncludeInScript": false
    },
    {
      "Header": "sec-fetch-site",
      "IncludeInScript": false
    },
    {
      "Header": "sec-fetch-mode",
      "IncludeInScript": false
    },
    {
      "Header": "sec-fetch-dest",
      "IncludeInScript": false
    },
    {
      "Header": "origin",
      "IncludeInScript": false
    },
    {
      "Header": "if-none-match",
      "IncludeInScript": false
    },
    {
      "Header": "if-modified-since",
      "IncludeInScript": false
    },
    {
      "Header": "dnt",
      "IncludeInScript": false
    },
    {
      "Header": "authorization",
      "IncludeInScript": false
    },
    {
      "Header": "accept-language",
      "IncludeInScript": true
    },
    {
      "Header": "accept-encoding",
      "IncludeInScript": false
    },
    {
      "Header": "accept",
      "IncludeInScript": false
    }
  ],
  "FilterResources": [
    {
      "IsNonResource": true,
      "type": "text/html"
    },
    {
      "IsNonResource": false,
      "type": "text/css"
    },
    {
      "IsNonResource": false,
      "type": "image/png"
    },
    {
      "IsNonResource": true,
      "type": "application/json"
    },
    {
      "IsNonResource": false,
      "type": "application/javascript"
    }
  ],
  "GeneralInfo": {
    "BrowserVersion": "",
    "IsWinInetMode": false,
    "MaxUsedConnections": 3,
    "RecordedBrowser": "Firefox",
    "RecordingDate": "Feb-24-2024",
    "RecordingDuration": 156875,
    "RecordingMode": "N/A",
    "RecordingTimeStamp": 1708754481,
    "RecordingType": "Browser",
    "TotalBytesReceived": 32699,
    "TotalBytesSent": 28463,
    "TotalRequests": 40,
    "UserAgent": "Mozilla/5.0 (Windows NT 10.0; Win64; x64; rv:123.0) Gecko/20100101 Firefox/123.0"
  },
  "HostInfo": [
    {
      "DomainName": "mozilla.org",
      "Domains": [
        {
          "HTTPVersion": "HTTP/1.1",
          "IP": "34.120.208.123",
          "IncludeInScript": false,
          "Name": "incoming.telemetry.mozilla.org",
          "Port": 443,
          "Requests": [
            {
              "CompressionType": "gzip",
              "DataType": "text/plain",
              "DownloadTime": 265,
              "EventId": 687,
              "HttpStatus": 200,
              "Size": 20,
              "URL": "https://incoming.telemetry.mozilla.org/submit/firefox-desktop/baseline/1/41031e20-bed7-47b4-97a3-dfc62af75477"
            },
            {
              "CompressionType": "gzip",
              "DataType": "text/plain",
              "DownloadTime": 547,
              "EventId": 681,
              "HttpStatus": 200,
              "Size": 20,
              "URL": "https://incoming.telemetry.mozilla.org/submit/firefox-desktop/newtab/1/241d7f3e-381a-43f0-8bc1-2159eb42ea32"
            },
            {
              "CompressionType": "gzip",
              "DataType": "text/plain",
              "DownloadTime": 235,
              "EventId": 671,
              "HttpStatus": 200,
              "Size": 20,
              "URL": "https://incoming.telemetry.mozilla.org/submit/firefox-desktop/pageload/1/857e4a4f-aca3-475d-bbbf-097a90aa1935"
            },
            {
              "CompressionType": "gzip",
              "DataType": "text/plain",
              "DownloadTime": 281,
              "EventId": 657,
              "HttpStatus": 200,
              "Size": 20,
              "URL": "https://incoming.telemetry.mozilla.org/submit/firefox-desktop/use-counters/1/5be608a5-a955-48bc-b860-17ed56dfc903"
            },
            {
              "CompressionType": "gzip",
              "DataType": "text/plain",
              "DownloadTime": 281,
              "EventId": 634,
              "HttpStatus": 200,
              "Size": 20,
              "URL": "https://incoming.telemetry.mozilla.org/submit/firefox-desktop/events/1/230a7dce-bf98-4ab2-9831-941dc0d4b669"
            }
          ],
          "SSLCipher": "TLS_AES_256_GCM_SHA384",
          "SSLVersion": "TLS1.3"
        },
        {
          "HTTPVersion": "HTTP/1.1",
          "IP": "",
          "IncludeInScript": false,
          "Name": "aus5.mozilla.org",
          "Port": 443,
          "Requests": [
            {
              "CompressionType": "",
              "DataType": "text/xml",
              "DownloadTime": 31,
              "EventId": 625,
              "HttpStatus": 200,
              "Size": 42,
              "URL": "https://aus5.mozilla.org/update/6/Firefox/123.0/20240213221259/WINNT_x86_64-msvc-x64/en-GB/release/Windows_NT%252010.0.0.0.19045.3324%2520(x64)/ISET%3ASSE4_2%2CMEM%3A12287/default/default/update.xml?force=1"
            }
          ],
          "SSLCipher": "TLS_AES_256_GCM_SHA384",
          "SSLVersion": "TLS1.3"
        }
      ],
      "IncludeInScript": true
    },
    {
      "DomainName": "mozilla.com",
      "Domains": [
        {
          "HTTPVersion": "HTTP/1.1",
          "IP": "34.107.243.93",
          "IncludeInScript": false,
          "Name": "push.services.mozilla.com",
          "Port": 443,
          "Requests": [
            {
              "CompressionType": "",
              "DataType": "",
              "DownloadTime": 203,
              "EventId": 631,
              "HttpStatus": 101,
              "Size": 0,
              "URL": "https://push.services.mozilla.com/"
            }
          ],
          "SSLCipher": "TLS_AES_256_GCM_SHA384",
          "SSLVersion": "TLS1.3"
        },
        {
          "HTTPVersion": "HTTP/1.1",
          "IP": "34.149.100.209",
          "IncludeInScript": false,
          "Name": "firefox.settings.services.mozilla.com",
          "Port": 443,
          "Requests": [
            {
              "CompressionType": "",
              "DataType": "application/json",
              "DownloadTime": 47,
              "EventId": 616,
              "HttpStatus": 200,
              "Size": 939,
              "URL": "https://firefox.settings.services.mozilla.com/v1/"
            }
          ],
          "SSLCipher": "TLS_AES_256_GCM_SHA384",
          "SSLVersion": "TLS1.3"
        }
      ],
      "IncludeInScript": true
    },
    {
      "DomainName": "lencr.org",
      "Domains": [
        {
          "HTTPVersion": "HTTP/1.1",
          "IP": "",
          "IncludeInScript": false,
          "Name": "r3.o.lencr.org",
          "Port": 80,
          "Requests": [
            {
              "CompressionType": "",
              "DataType": "application/ocsp-response",
              "DownloadTime": 31,
              "EventId": 648,
              "HttpStatus": 200,
              "Size": 503,
              "URL": "http://r3.o.lencr.org/"
            },
            {
              "CompressionType": "",
              "DataType": "application/ocsp-response",
              "DownloadTime": 31,
              "EventId": 603,
              "HttpStatus": 200,
              "Size": 5,
              "URL": "http://r3.o.lencr.org/"
            },
            {
              "CompressionType": "",
              "DataType": "application/ocsp-response",
              "DownloadTime": 31,
              "EventId": 601,
              "HttpStatus": 200,
              "Size": 5,
              "URL": "http://r3.o.lencr.org/"
            }
          ],
          "SSLCipher": "None",
          "SSLVersion": "None"
        }
      ],
      "IncludeInScript": true
    },
    {
      "DomainName": "herokuapp.com",
      "Domains": [
        {
          "HTTPVersion": "HTTP/1.1",
          "IP": "3.229.186.102",
          "IncludeInScript": true,
          "Name": "thinking-tester-contact-list.herokuapp.com",
          "Port": 443,
          "Requests": [
            {
              "CompressionType": "",
              "DataType": "",
              "DownloadTime": 234,
              "EventId": 867,
              "HttpStatus": 304,
              "Size": 0,
              "URL": "https://thinking-tester-contact-list.herokuapp.com/img/thinkingTesterLogo.png"
            },
            {
              "CompressionType": "",
              "DataType": "",
              "DownloadTime": 234,
              "EventId": 865,
              "HttpStatus": 304,
              "Size": 0,
              "URL": "https://thinking-tester-contact-list.herokuapp.com/js/login.js"
            },
            {
              "CompressionType": "",
              "DataType": "",
              "DownloadTime": 235,
              "EventId": 863,
              "HttpStatus": 304,
              "Size": 0,
              "URL": "https://thinking-tester-contact-list.herokuapp.com/css/styles.css"
            },
            {
              "CompressionType": "",
              "DataType": "",
              "DownloadTime": 219,
              "EventId": 861,
              "HttpStatus": 304,
              "Size": 0,
              "URL": "https://thinking-tester-contact-list.herokuapp.com/"
            },
            {
              "CompressionType": "",
              "DataType": "",
              "DownloadTime": 250,
              "EventId": 859,
              "HttpStatus": 200,
              "Size": 0,
              "URL": "https://thinking-tester-contact-list.herokuapp.com/users/logout"
            },
            {
              "CompressionType": "",
              "DataType": "application/javascript",
              "DownloadTime": 218,
              "EventId": 857,
              "HttpStatus": 200,
              "Size": 343,
              "URL": "https://thinking-tester-contact-list.herokuapp.com/js/logout.js"
            },
            {
              "CompressionType": "",
              "DataType": "",
              "DownloadTime": 235,
              "EventId": 855,
              "HttpStatus": 304,
              "Size": 0,
              "URL": "https://thinking-tester-contact-list.herokuapp.com/css/styles.css"
            },
            {
              "CompressionType": "",
              "DataType": "text/html",
              "DownloadTime": 234,
              "EventId": 853,
              "HttpStatus": 200,
              "Size": 234,
              "URL": "https://thinking-tester-contact-list.herokuapp.com/logout"
            },
            {
              "CompressionType": "",
              "DataType": "application/json",
              "DownloadTime": 235,
              "EventId": 843,
              "HttpStatus": 200,
              "Size": 2,
              "URL": "https://thinking-tester-contact-list.herokuapp.com/contacts"
            },
            {
              "CompressionType": "",
              "DataType": "",
              "DownloadTime": 234,
              "EventId": 841,
              "HttpStatus": 304,
              "Size": 0,
              "URL": "https://thinking-tester-contact-list.herokuapp.com/img/thinkingTesterLogo.png"
            },
            {
              "CompressionType": "",
              "DataType": "",
              "DownloadTime": 219,
              "EventId": 839,
              "HttpStatus": 304,
              "Size": 0,
              "URL": "https://thinking-tester-contact-list.herokuapp.com/js/contactList.js"
            },
            {
              "CompressionType": "",
              "DataType": "",
              "DownloadTime": 234,
              "EventId": 837,
              "HttpStatus": 304,
              "Size": 0,
              "URL": "https://thinking-tester-contact-list.herokuapp.com/css/styles.css"
            },
            {
              "CompressionType": "",
              "DataType": "",
              "DownloadTime": 219,
              "EventId": 835,
              "HttpStatus": 304,
              "Size": 0,
              "URL": "https://thinking-tester-contact-list.herokuapp.com/contactList"
            },
            {
              "CompressionType": "",
              "DataType": "text/html",
              "DownloadTime": 250,
              "EventId": 833,
              "HttpStatus": 200,
              "Size": 15,
              "URL": "https://thinking-tester-contact-list.herokuapp.com/contacts/65d98f4bc0d7050013a34356"
            },
            {
              "CompressionType": "",
              "DataType": "application/json",
              "DownloadTime": 250,
              "EventId": 823,
              "HttpStatus": 200,
              "Size": 293,
              "URL": "https://thinking-tester-contact-list.herokuapp.com/contacts/65d98f4bc0d7050013a34356"
            },
            {
              "CompressionType": "",
              "DataType": "",
              "DownloadTime": 235,
              "EventId": 821,
              "HttpStatus": 304,
              "Size": 0,
              "URL": "https://thinking-tester-contact-list.herokuapp.com/img/thinkingTesterLogo.png"
            },
            {
              "CompressionType": "",
              "DataType": "application/javascript",
              "DownloadTime": 219,
              "EventId": 819,
              "HttpStatus": 200,
              "Size": 2144,
              "URL": "https://thinking-tester-contact-list.herokuapp.com/js/contactDetails.js"
            },
            {
              "CompressionType": "",
              "DataType": "",
              "DownloadTime": 235,
              "EventId": 817,
              "HttpStatus": 304,
              "Size": 0,
              "URL": "https://thinking-tester-contact-list.herokuapp.com/css/styles.css"
            },
            {
              "CompressionType": "",
              "DataType": "text/html",
              "DownloadTime": 219,
              "EventId": 815,
              "HttpStatus": 200,
              "Size": 2460,
              "URL": "https://thinking-tester-contact-list.herokuapp.com/contactDetails"
            },
            {
              "CompressionType": "",
              "DataType": "application/json",
              "DownloadTime": 250,
              "EventId": 797,
              "HttpStatus": 200,
              "Size": 295,
              "URL": "https://thinking-tester-contact-list.herokuapp.com/contacts"
            },
            {
              "CompressionType": "",
              "DataType": "",
              "DownloadTime": 235,
              "EventId": 795,
              "HttpStatus": 304,
              "Size": 0,
              "URL": "https://thinking-tester-contact-list.herokuapp.com/img/thinkingTesterLogo.png"
            },
            {
              "CompressionType": "",
              "DataType": "",
              "DownloadTime": 234,
              "EventId": 793,
              "HttpStatus": 304,
              "Size": 0,
              "URL": "https://thinking-tester-contact-list.herokuapp.com/js/contactList.js"
            },
            {
              "CompressionType": "",
              "DataType": "",
              "DownloadTime": 235,
              "EventId": 791,
              "HttpStatus": 304,
              "Size": 0,
              "URL": "https://thinking-tester-contact-list.herokuapp.com/css/styles.css"
            },
            {
              "CompressionType": "",
              "DataType": "",
              "DownloadTime": 234,
              "EventId": 789,
              "HttpStatus": 304,
              "Size": 0,
              "URL": "https://thinking-tester-contact-list.herokuapp.com/contactList"
            },
            {
              "CompressionType": "",
              "DataType": "application/json",
              "DownloadTime": 250,
              "EventId": 787,
              "HttpStatus": 201,
              "Size": 293,
              "URL": "https://thinking-tester-contact-list.herokuapp.com/contacts"
            },
            {
              "CompressionType": "",
              "DataType": "",
              "DownloadTime": 234,
              "EventId": 753,
              "HttpStatus": 304,
              "Size": 0,
              "URL": "https://thinking-tester-contact-list.herokuapp.com/img/thinkingTesterLogo.png"
            },
            {
              "CompressionType": "",
              "DataType": "application/javascript",
              "DownloadTime": 218,
              "EventId": 751,
              "HttpStatus": 200,
              "Size": 2131,
              "URL": "https://thinking-tester-contact-list.herokuapp.com/js/addContact.js"
            },
            {
              "CompressionType": "",
              "DataType": "",
              "DownloadTime": 234,
              "EventId": 749,
              "HttpStatus": 304,
              "Size": 0,
              "URL": "https://thinking-tester-contact-list.herokuapp.com/css/styles.css"
            },
            {
              "CompressionType": "",
              "DataType": "text/html",
              "DownloadTime": 235,
              "EventId": 747,
              "HttpStatus": 200,
              "Size": 2482,
              "URL": "https://thinking-tester-contact-list.herokuapp.com/addContact"
            },
            {
              "CompressionType": "",
              "DataType": "",
              "DownloadTime": 234,
              "EventId": 737,
              "HttpStatus": 304,
              "Size": 0,
              "URL": "https://thinking-tester-contact-list.herokuapp.com/img/thinkingTesterLogo.png"
            },
            {
              "CompressionType": "",
              "DataType": "application/json",
              "DownloadTime": 234,
              "EventId": 733,
              "HttpStatus": 200,
              "Size": 2,
              "URL": "https://thinking-tester-contact-list.herokuapp.com/contacts"
            },
            {
              "CompressionType": "",
              "DataType": "application/javascript",
              "DownloadTime": 218,
              "EventId": 722,
              "HttpStatus": 200,
              "Size": 3860,
              "URL": "https://thinking-tester-contact-list.herokuapp.com/js/contactList.js"
            },
            {
              "CompressionType": "",
              "DataType": "",
              "DownloadTime": 219,
              "EventId": 720,
              "HttpStatus": 304,
              "Size": 0,
              "URL": "https://thinking-tester-contact-list.herokuapp.com/css/styles.css"
            },
            {
              "CompressionType": "",
              "DataType": "text/html",
              "DownloadTime": 235,
              "EventId": 701,
              "HttpStatus": 200,
              "Size": 849,
              "URL": "https://thinking-tester-contact-list.herokuapp.com/contactList"
            },
            {
              "CompressionType": "",
              "DataType": "application/json",
              "DownloadTime": 281,
              "EventId": 699,
              "HttpStatus": 200,
              "Size": 282,
              "URL": "https://thinking-tester-contact-list.herokuapp.com/users/login"
            },
            {
              "CompressionType": "",
              "DataType": "image/png",
              "DownloadTime": 234,
              "EventId": 673,
              "HttpStatus": 200,
              "Size": 1173,
              "URL": "https://thinking-tester-contact-list.herokuapp.com/img/thinkingTesterIcon.png"
            },
            {
              "CompressionType": "",
              "DataType": "image/png",
              "DownloadTime": 438,
              "EventId": 668,
              "HttpStatus": 200,
              "Size": 12718,
              "URL": "https://thinking-tester-contact-list.herokuapp.com/img/thinkingTesterLogo.png"
            },
            {
              "CompressionType": "",
              "DataType": "application/javascript",
              "DownloadTime": 234,
              "EventId": 666,
              "HttpStatus": 200,
              "Size": 907,
              "URL": "https://thinking-tester-contact-list.herokuapp.com/js/login.js"
            },
            {
              "CompressionType": "",
              "DataType": "text/css",
              "DownloadTime": 235,
              "EventId": 659,
              "HttpStatus": 200,
              "Size": 913,
              "URL": "https://thinking-tester-contact-list.herokuapp.com/css/styles.css"
            },
            {
              "CompressionType": "",
              "DataType": "text/html",
              "DownloadTime": 235,
              "EventId": 650,
              "HttpStatus": 200,
              "Size": 1303,
              "URL": "https://thinking-tester-contact-list.herokuapp.com/"
            }
          ],
          "SSLCipher": "ECDHE-RSA-AES128-GCM-SHA256",
          "SSLVersion": "TLS1.2"
        }
      ],
      "IncludeInScript": true
    },
    {
      "DomainName": "firefox.com",
      "Domains": [
        {
          "HTTPVersion": "HTTP/1.1",
          "IP": "",
          "IncludeInScript": false,
          "Name": "detectportal.firefox.com",
          "Port": 80,
          "Requests": [
            {
              "CompressionType": "",
              "DataType": "text/plain",
              "DownloadTime": 47,
              "EventId": 777,
              "HttpStatus": 200,
              "Size": 8,
              "URL": "http://detectportal.firefox.com/success.txt?ipv4"
            },
            {
              "CompressionType": "",
              "DataType": "text/html",
              "DownloadTime": 47,
              "EventId": 759,
              "HttpStatus": 200,
              "Size": 90,
              "URL": "http://detectportal.firefox.com/canonical.html"
            },
            {
              "CompressionType": "",
              "DataType": "text/plain",
              "DownloadTime": 47,
              "EventId": 556,
              "HttpStatus": 200,
              "Size": 8,
              "URL": "http://detectportal.firefox.com/success.txt?ipv4"
            },
            {
              "CompressionType": "",
              "DataType": "text/html",
              "DownloadTime": 31,
              "EventId": 510,
              "HttpStatus": 200,
              "Size": 90,
              "URL": "http://detectportal.firefox.com/canonical.html"
            }
          ],
          "SSLCipher": "None",
          "SSLVersion": "None"
        }
      ],
      "IncludeInScript": true
    },
    {
      "DomainName": "digicert.com",
      "Domains": [
        {
          "HTTPVersion": "HTTP/1.1",
          "IP": "152.195.38.76",
          "IncludeInScript": false,
          "Name": "ocsp.digicert.com",
          "Port": 80,
          "Requests": [
            {
              "CompressionType": "",
              "DataType": "application/ocsp-response",
              "DownloadTime": 31,
              "EventId": 623,
              "HttpStatus": 200,
              "Size": 5,
              "URL": "http://ocsp.digicert.com/"
            },
            {
              "CompressionType": "",
              "DataType": "application/ocsp-response",
              "DownloadTime": 31,
              "EventId": 612,
              "HttpStatus": 200,
              "Size": 5,
              "URL": "http://ocsp.digicert.com/"
            }
          ],
          "SSLCipher": "None",
          "SSLVersion": "None"
        }
      ],
      "IncludeInScript": true
    },
    {
      "DomainName": "amazontrust.com",
      "Domains": [
        {
          "HTTPVersion": "HTTP/1.1",
          "IP": "18.161.210.238",
          "IncludeInScript": false,
          "Name": "ocsp.r2m01.amazontrust.com",
          "Port": 80,
          "Requests": [
            {
              "CompressionType": "",
              "DataType": "application/ocsp-response",
              "DownloadTime": 578,
              "EventId": 636,
              "HttpStatus": 200,
              "Size": 5,
              "URL": "http://ocsp.r2m01.amazontrust.com/"
            },
            {
              "CompressionType": "",
              "DataType": "application/ocsp-response",
              "DownloadTime": 469,
              "EventId": 627,
              "HttpStatus": 200,
              "Size": 5,
              "URL": "http://ocsp.r2m01.amazontrust.com/"
            }
          ],
          "SSLCipher": "None",
          "SSLVersion": "None"
        }
      ],
      "IncludeInScript": true
    }
  ],
  "WebSocket": {
    "IncludeInScript": false,
    "IsScriptIncludeWebSocket": true
  },
  "NumberOfCorrelations": 0
}