<?xml version="1.0" encoding="utf-8"?>
<VugenScriptMetadata>
  <ScriptName>Thinkingtester</ScriptName>
  <Protocol>Web - HTTP/HTML</Protocol>
  <ActionFiles>
    <FileEntry Name="vuser_init.c" Filter="2" />
    <FileEntry Name="Action.c" Filter="2" />
    <FileEntry Name="vuser_end.c" Filter="2" />
  </ActionFiles>
  <GeneralFiles>
    <FileEntry Name="Thinkingtester.usr" Filter="4" />
    <FileEntry Name="default.cfg" Filter="4" />
    <FileEntry Name="default.usp" Filter="4" />
    <FileEntry Name="Thinkingtester.prm" Filter="2" />
    <FileEntry Name="globals.h" Filter="2" />
    <FileEntry Name="WebSocketBuffer.h" Filter="2" />
    <FileEntry Name="ContactDetails.dat" Filter="2" />
    <FileEntry Name="LoginDetails.dat" Filter="2" />
    <FileEntry Name="NewParam(1).dat" Filter="2" />
    <FileEntry Name="combined_Thinkingtester.c" Filter="2" />
    <FileEntry Name="pre_cci.c" Filter="2" />
    <FileEntry Name="138257110440.idx" Filter="1" />
    <FileEntry Name="228972340440.idx" Filter="1" />
    <FileEntry Name="230554134440.idx" Filter="1" />
    <FileEntry Name="23055413444_2Sk.487.idx" Filter="1" />
    <FileEntry Name="23055413444_bOA.725.idx" Filter="1" />
    <FileEntry Name="23055413444_DQo.407.idx" Filter="1" />
    <FileEntry Name="23055413444_Ist.41.idx" Filter="1" />
    <FileEntry Name="23055413444_LLw.741.idx" Filter="1" />
    <FileEntry Name="23055413444_oVp.633.idx" Filter="1" />
    <FileEntry Name="23055413444_uNw.641.idx" Filter="1" />
    <FileEntry Name="23055413444_Z2f.575.idx" Filter="1" />
    <FileEntry Name="43053753440.idx" Filter="1" />
    <FileEntry Name="Bookmarks.xml" Filter="1" />
    <FileEntry Name="Breakpoints.xml" Filter="1" />
    <FileEntry Name="CompilerLogMetadata.xml" Filter="1" />
    <FileEntry Name="custom_body_variables.txt" Filter="1" />
    <FileEntry Name="data.zip" Filter="1" />
    <FileEntry Name="logfile.log" Filter="1" />
    <FileEntry Name="lrw_custom_body.h" Filter="1" />
    <FileEntry Name="mdrv.log" Filter="1" />
    <FileEntry Name="mdrv5zs.991.log" Filter="1" />
    <FileEntry Name="mdrvLgy.19.log" Filter="1" />
    <FileEntry Name="mdrv_cmd.txt" Filter="1" />
    <FileEntry Name="NewParam.dat" Filter="1" />
    <FileEntry Name="options.txt" Filter="1" />
    <FileEntry Name="output.bak" Filter="1" />
    <FileEntry Name="output.txt" Filter="1" />
    <FileEntry Name="OutputColoringDatabase.json" Filter="1" />
    <FileEntry Name="ReplaySummaryReport.xml" Filter="1" />
    <FileEntry Name="ScriptUploadMetadata.xml" Filter="1" />
    <FileEntry Name="Thinkingtester.c.pickle" Filter="1" />
    <FileEntry Name="Thinkingtester.ci" Filter="1" />
    <FileEntry Name="Thinkingtester.prm.bak" Filter="1" />
    <FileEntry Name="ThumbnailsCache.tmp" Filter="1" />
    <FileEntry Name="UserTasks.xml" Filter="1" />
    <FileEntry Name="data\" Filter="1" />
    <FileEntry Name="result1\" Filter="1" />
  </GeneralFiles>
</VugenScriptMetadata>