[
    {
        "actionName": "Action",
        "steps": [
            {
                "stepId": "STEP5",
                "stepName": "Url: addContact",
                "infFile": "t6.inf",
                "time": 1708764217188
            },
            {
                "stepId": "STEP6",
                "stepName": "Custom Request: contacts_2",
                "infFile": "t7.inf",
                "time": 1708764217508
            },
            {
                "stepId": "STEP7",
                "stepName": "Url: contactList_2",
                "infFile": "t8.inf",
                "time": 1708764218069
            },
            {
                "stepId": "STEP8",
                "stepName": "Custom Request: contacts_3",
                "infFile": "t9.inf",
                "time": 1708764218333
            },
            {
                "stepId": "STEP9",
                "stepName": "Url: contactDetails",
                "infFile": "t10.inf",
                "time": 1708764218855
            },
            {
                "stepId": "STEP10",
                "stepName": "Url: contactList_3",
                "infFile": "t11.inf",
                "time": 1708764219385
            }
        ],
        "transactions": []
    }
]