[{"_id":"65d99083c0d7050013a3435c","firstName":"Gokul","lastName":"R","birthdate":"1999-10-10","email":"test@gmail.com","phone":"7989675645","street1":"test","street2":"test","city":"test","stateProvince":"test","postalCode":"12345","country":"india","owner":"65d985dcc0d7050013a342f2","__v":0},{"_id":"65d99121eaa4ad00131e5b13","firstName":"Gokul","lastName":"R","birthdate":"1999-10-10","email":"test@gmail.com","phone":"7989675645","street1":"test","street2":"test","city":"test","stateProvince":"test","postalCode":"12345","country":"india","owner":"65d985dcc0d7050013a342f2","__v":0},{"_id":"65d99174c0d7050013a34361","firstName":"Gokul","lastName":"R","birthdate":"1999-10-10","email":"test@gmail.com","phone":"7989675645","street1":"test","street2":"test","city":"test","stateProvince":"test","postalCode":"12345","country":"india","owner":"65d985dcc0d7050013a342f2","__v":0},{"_id":"65d991a5eaa4ad00131e5b17","firstName":"Gokul","lastName":"R","birthdate":"1999-10-10","email":"test@gmail.com","phone":"7989675645","street1":"test","street2":"test","city":"test","stateProvince":"test","postalCode":"12345","country":"india","owner":"65d985dcc0d7050013a342f2","__v":0},{"_id":"65d9a3fdc0d7050013a34480","firstName":"Gokul","lastName":"R","birthdate":"1999-10-10","email":"test@gmail.com","phone":"7989675645","street1":"test","street2":"test","city":"test","stateProvince":"test","postalCode":"12345","country":"india","owner":"65d985dcc0d7050013a342f2","__v":0},{"_id":"65d9a754c0d7050013a344dc","firstName":"gokul","lastName":"raj","birthdate":"1999-10-10","email":"gokulraj@gmail.com","phone":"8976564543","street1":"street1","street2":"street2","city":"TVM","stateProvince":"Kerala","postalCode":"1234","country":"India","owner":"65d985dcc0d7050013a342f2","__v":0},{"_id":"65d9a835c0d7050013a34512","firstName":"gokul","lastName":"raj","birthdate":"1999-10-10","email":"gokulraj@gmail.com","phone":"8976564543","street1":"street1","street2":"street2","city":"TVM","stateProvince":"Kerala","postalCode":"1234","country":"India","owner":"65d985dcc0d7050013a342f2","__v":0},{"_id":"65d9a844eaa4ad00131e5cc7","firstName":"gokul","lastName":"raj","birthdate":"1999-10-10","email":"gokulraj@gmail.com","phone":"8976564543","street1":"street1","street2":"street2","city":"TVM","stateProvince":"Kerala","postalCode":"1234","country":"India","owner":"65d985dcc0d7050013a342f2","__v":0},{"_id":"65d9a848eaa4ad00131e5cc8","firstName":"gokul","lastName":"raj","birthdate":"1999-10-10","email":"gokulraj@gmail.com","phone":"8976564543","street1":"street1","street2":"street2","city":"TVM","stateProvince":"Kerala","postalCode":"1234","country":"India","owner":"65d985dcc0d7050013a342f2","__v":0},{"_id":"65d9a852c0d7050013a34514","firstName":"gokul","lastName":"raj","birthdate":"1999-10-10","email":"gokulraj@gmail.com","phone":"8976564543","street1":"street1","street2":"street2","city":"TVM","stateProvince":"Kerala","postalCode":"1234","country":"India","owner":"65d985dcc0d7050013a342f2","__v":0},{"_id":"65d9a85ceaa4ad00131e5cc9","firstName":"gokul","lastName":"raj","birthdate":"1999-10-10","email":"gokulraj@gmail.com","phone":"8976564543","street1":"street1","street2":"street2","city":"TVM","stateProvince":"Kerala","postalCode":"1234","country":"India","owner":"65d985dcc0d7050013a342f2","__v":0},{"_id":"65d9a89ceaa4ad00131e5cca","firstName":"gokul","lastName":"raj","birthdate":"1999-10-10","email":"gokulraj@gmail.com","phone":"8976564543","street1":"street1","street2":"street2","city":"TVM","stateProvince":"Kerala","postalCode":"1234","country":"India","owner":"65d985dcc0d7050013a342f2","__v":0},{"_id":"65d9a8aceaa4ad00131e5ccc","firstName":"gokul","lastName":"raj","birthdate":"1999-10-10","email":"gokulraj@gmail.com","phone":"8976564543","street1":"street1","street2":"street2","city":"TVM","stateProvince":"Kerala","postalCode":"1234","country":"India","owner":"65d985dcc0d7050013a342f2","__v":0},{"_id":"65d9a8b0c0d7050013a34518","firstName":"gokul","lastName":"raj","birthdate":"1999-10-10","email":"gokulraj@gmail.com","phone":"8976564543","street1":"street1","street2":"street2","city":"TVM","stateProvince":"Kerala","postalCode":"1234","country":"India","owner":"65d985dcc0d7050013a342f2","__v":0},{"_id":"65d9a8bac0d7050013a34519","firstName":"gokul","lastName":"raj","birthdate":"1999-10-10","email":"gokulraj@gmail.com","phone":"8976564543","street1":"street1","street2":"street2","city":"TVM","stateProvince":"Kerala","postalCode":"1234","country":"India","owner":"65d985dcc0d7050013a342f2","__v":0},{"_id":"65d9a8c4eaa4ad00131e5ccd","firstName":"gokul","lastName":"raj","birthdate":"1999-10-10","email":"gokulraj@gmail.com","phone":"8976564543","street1":"street1","street2":"street2","city":"TVM","stateProvince":"Kerala","postalCode":"1234","country":"India","owner":"65d985dcc0d7050013a342f2","__v":0},{"_id":"65d9ac39c0d7050013a34585","firstName":"gokul","lastName":"raj","birthdate":"1999-10-10","email":"gokulraj@gmail.com","phone":"8976564543","street1":"street1","street2":"street2","city":"TVM","stateProvince":"Kerala","postalCode":"1234","country":"India","owner":"65d985dcc0d7050013a342f2","__v":0}]